date,nation,visitor,growth,share,tourism,business,official_affairs,studying,others
2019-1,China,392814,28.73786981,35.55511707,320113,2993,138,8793,60777
2019-1,Japan,206526,23.60683014,18.69346843,198805,2233,127,785,4576
2019-1,Taiwan,87954,16.00369296,7.961057311,86393,74,22,180,1285
2019-1,Hong Kong,35896,3.533212195,3.249086036,34653,59,2,90,1092
2019-1,Macao,2570,-12.37640641,0.232620657,2506,2,0,17,45
2019-1,Phillipines,30473,0.062389177,2.758229295,14279,211,161,184,15638
2019-1,Indonesia,18842,10.61406599,1.705462422,14183,136,38,187,4298
2019-1,Thailand,41334,-8.026078636,3.741300485,34004,37,199,96,6998
2019-1,Vietnam,20183,23.93613755,1.826841527,10739,763,110,1667,6904
2019-1,India,8671,16.84409109,0.784845805,2318,2656,46,177,3474
2019-1,Malaysia,22065,-0.217066884,1.997188639,19043,95,7,99,2821
2019-1,Singapore,9855,1.976407285,0.892014232,8372,94,8,48,1333
2019-1,Mongolia,9785,-9.339386639,0.885678261,8358,77,304,484,562
2019-1,Uzbekistan,5754,5.947339348,0.520816833,1958,561,0,407,2828
2019-1,Myanmar,5289,-11.67334669,0.478727882,1304,10,31,67,3877
2019-1,*GCC,1776,-1.606648199,0.160752641,1550,37,14,72,103
2019-1,Kazakhstan,3574,-9.33536276,0.323496587,2185,24,7,92,1266
2019-1,Turkey,1785,-7.704239917,0.161567266,792,13,32,36,912
2019-1,Cambodia,2695,10.85972851,0.243934892,635,39,55,51,1915
2019-1,Sri Lanka,1287,-14.2,0.116491356,157,54,5,28,1043
2019-1,Bangladesh,1247,1.299756296,0.112870801,149,126,27,97,848
2019-1,Pakistan,1032,-10.7266436,0.093410318,238,178,10,193,413
2019-1,Israel,805,-0.494437577,0.072863669,727,12,0,9,57
2019-1,Iran,184,-66.78700361,0.016654553,60,45,10,23,46
2019-1,Asia others,4554,16.67947733,0.412200184,1561,308,70,205,2410
2019-1,USA,62737,4.744970365,5.678568939,42989,418,2578,229,16523
2019-1,Canada,12460,0.346299428,1.127802875,8034,57,30,43,4296
2019-1,Brazil,1605,14.07249467,0.145274768,1136,16,9,41,403
2019-1,Mexico,1853,32.07412687,0.167722209,1282,11,7,38,515
2019-1,America others,2266,10.86105675,0.205104439,1541,24,33,128,540
2019-1,Russia,25194,14.86277013,2.280406552,17260,181,37,191,7525
2019-1,UK,10148,7.968932865,0.918534798,7982,175,17,41,1933
2019-1,Germany,6850,-6.522925764,0.62002004,4925,278,19,177,1451
2019-1,France,5574,-5.381089798,0.504524336,3773,297,48,288,1168
2019-1,Italy,2731,-1.08656284,0.247193391,1968,83,17,40,623
2019-1,Netherland,2269,-2.576212967,0.205375981,1592,47,16,77,537
2019-1,Ukraine,2262,38.85819521,0.204742384,593,58,3,28,1580
2019-1,Spain,1368,-16.17647059,0.12382298,1010,36,15,52,255
2019-1,Romania,872,19.12568306,0.078928098,412,8,4,3,445
2019-1,Norway,801,-19.33534743,0.072501613,552,66,4,28,151
2019-1,Sweden,982,4.246284501,0.088884625,844,29,6,18,85
2019-1,Poland,1324,-11.96808511,0.11984037,713,10,0,27,574
2019-1,Swiss,747,-29.32828761,0.067613864,613,18,0,19,97
2019-1,Portugal,564,-4.72972973,0.051049825,416,14,0,13,121
2019-1,Austria,776,-2.389937107,0.070238767,544,8,2,13,209
2019-1,Finland,859,-13.84152457,0.077751418,412,23,1,18,405
2019-1,Belgium,709,-6.092715232,0.064174337,490,24,4,22,169
2019-1,Croatia,491,-0.405679513,0.044442312,226,12,0,3,250
2019-1,Greece,775,8.848314607,0.070148253,481,17,4,0,273
2019-1,Bulgaria,431,17.75956284,0.03901148,154,1,1,10,265
2019-1,Denmark,751,7.439198856,0.06797592,520,21,6,16,188
2019-1,Ireland,595,0.506756757,0.053855755,392,15,1,2,185
2019-1,Europe others,2965,23.23358271,0.268373638,1809,44,25,91,996
2019-1,Austrailia,14285,22.21937029,1.292990696,12795,93,17,34,1346
2019-1,New Zealand,2725,2.482136141,0.246650308,2029,20,17,5,654
2019-1,Oceania others,614,11.23188406,0.055575519,555,3,4,0,52
2019-1,South Africa,1000,10.74197121,0.090513874,368,9,1,6,616
2019-1,Africa others,2690,19.82182628,0.243482322,768,718,90,206,908
2019-1,Stateless,54,-18.18181818,0.004887749,33,4,0,1,16
2019-1,Overseas Korean,15526,-19.11856637,1.405318414,0,0,0,0,15526
2019-2,China,453379,31.2844406,37.72493306,324291,2694,143,38731,87520
2019-2,Japan,213200,26.72297478,17.74002706,204697,2125,119,2084,4175
2019-2,Taiwan,94559,7.360688496,7.868101401,92276,105,20,908,1250
2019-2,Hong Kong,51312,1.427159518,4.269588501,49695,54,3,489,1071
2019-2,Macao,3966,-17.95614398,0.330004443,3890,1,0,33,42
2019-2,Phillipines,29294,8.444082479,2.437506345,15541,171,57,189,13336
2019-2,Indonesia,18115,22.90521745,1.507319841,12172,147,72,697,5027
2019-2,Thailand,39220,-9.689601179,3.263432745,32074,56,180,332,6578
2019-2,Vietnam,42181,72.11114738,3.509812764,20071,806,98,9324,11882
2019-2,India,8309,17.14366277,0.691378447,2372,2303,102,360,3172
2019-2,Malaysia,27484,21.99387456,2.286899173,24047,136,2,604,2695
2019-2,Singapore,9792,7.687231937,0.814776477,8228,114,6,257,1187
2019-2,Mongolia,9176,3.089540501,0.763520114,6670,109,314,1152,931
2019-2,Uzbekistan,7149,28.00358102,0.594856723,2165,716,5,1217,3046
2019-2,Myanmar,5367,1.168708765,0.446579387,1107,13,25,231,3991
2019-2,*GCC,1478,16.10369207,0.122981989,1143,27,9,192,107
2019-2,Kazakhstan,3774,-19.47941114,0.314028434,1924,21,3,404,1422
2019-2,Turkey,1765,-6.9092827,0.146862794,664,13,29,151,908
2019-2,Cambodia,3715,43.88071263,0.309119139,1473,53,92,147,1950
2019-2,Sri Lanka,1516,31.4830876,0.126143907,241,52,0,48,1175
2019-2,Bangladesh,1656,33.33333333,0.137793081,228,83,38,265,1042
2019-2,Pakistan,1439,10.60722521,0.119736862,257,290,11,463,418
2019-2,Israel,761,6.732117812,0.063321579,694,15,1,14,37
2019-2,Iran,329,-39.85374771,0.027375558,99,67,5,64,94
2019-2,Asia others,5150,12.9881527,0.428523168,1635,383,157,537,2438
2019-2,USA,57732,-12.59216642,4.803786314,38475,386,1970,1144,15757
2019-2,Canada,13551,-17.56296386,1.127556786,8888,45,27,116,4475
2019-2,Brazil,1354,-12.75773196,0.112664149,881,12,13,101,347
2019-2,Mexico,1435,2.426837973,0.119404028,818,1,7,207,402
2019-2,America others,2308,-2.120441052,0.192044946,1578,19,24,257,430
2019-2,Russia,20001,-4.251041218,1.66425085,12512,139,24,391,6935
2019-2,UK,7876,-23.78556222,0.655349217,5864,150,8,105,1749
2019-2,Germany,6866,-28.30740315,0.571308751,4878,258,15,525,1190
2019-2,France,5830,-19.88456782,0.485104868,3685,235,30,958,922
2019-2,Italy,2384,-25.5,0.198368783,1685,52,14,125,508
2019-2,Netherland,2357,-39.78027593,0.196122157,1580,33,7,180,557
2019-2,Ukraine,2080,4.838709677,0.173073435,543,51,2,57,1427
2019-2,Spain,1373,-9.193121693,0.114245109,1006,17,5,129,216
2019-2,Romania,771,20.28081123,0.064153663,334,4,4,30,399
2019-2,Norway,577,-67.29024943,0.048011236,455,38,3,45,36
2019-2,Sweden,927,-51.23619148,0.07713417,729,19,9,91,79
2019-2,Poland,1266,-24.7771836,0.105341812,619,14,0,74,559
2019-2,Swiss,877,-63.44310129,0.072973751,710,17,0,67,83
2019-2,Portugal,670,-14.54081633,0.055749616,545,5,0,19,101
2019-2,Austria,746,-56.52680653,0.062073453,561,9,7,36,133
2019-2,Finland,933,-51.75801448,0.07763342,398,10,1,139,385
2019-2,Belgium,654,-19.65601966,0.054418282,452,16,2,41,143
2019-2,Croatia,447,-6.680584551,0.037194147,192,7,1,11,236
2019-2,Greece,607,-19.28191489,0.050507488,381,27,0,5,194
2019-2,Bulgaria,326,-12.8342246,0.027125933,146,0,1,15,164
2019-2,Denmark,694,-13.46633416,0.057746617,469,12,5,77,131
2019-2,Ireland,613,-9.453471196,0.051006738,389,7,0,14,203
2019-2,Europe others,2674,-44.25682718,0.222499214,1579,24,15,245,811
2019-2,Austrailia,8331,-4.994868286,0.693209031,6836,73,31,119,1272
2019-2,New Zealand,1863,-7.451564829,0.155017216,1221,14,5,11,612
2019-2,Oceania others,428,11.16883117,0.035613188,325,0,5,2,96
2019-2,South Africa,1191,8.767123288,0.099101183,374,6,5,8,798
2019-2,Africa others,3476,15.75091575,0.289232336,1142,806,58,520,950
2019-2,Stateless,39,-26.41509434,0.003245127,24,1,0,3,11
2019-2,Overseas Korean,14459,-14.2763977,1.203109996,0,0,0,0,14459
2019-3,China,487623,20.87438927,31.75371067,369165,3933,414,32532,81579
2019-3,Japan,375119,27.38525381,24.42751919,367157,2108,126,1231,4497
2019-3,Taiwan,98510,4.70430679,6.414910777,96643,64,12,460,1331
2019-3,Hong Kong,46068,-26.10202117,2.999919903,44679,61,5,265,1058
2019-3,Macao,3049,-31.23590438,0.19854901,2974,2,0,41,32
2019-3,Phillipines,38701,-6.013065546,2.520185382,21542,166,119,108,16766
2019-3,Indonesia,25626,26.84882685,1.668749402,18857,242,135,277,6115
2019-3,Thailand,53100,-4.727729434,3.45783943,45605,66,397,136,6896
2019-3,Vietnam,46991,24.79020608,3.060025097,32117,1047,186,5394,8247
2019-3,India,10646,13.70287301,0.69326099,3051,3283,52,197,4063
2019-3,Malaysia,40789,7.779098956,2.656154661,37653,107,7,286,2736
2019-3,Singapore,22105,-0.347128302,1.439464041,20524,161,7,49,1364
2019-3,Mongolia,8724,-18.19204801,0.568101529,6691,119,383,967,564
2019-3,Uzbekistan,8405,11.85786532,0.547328445,3150,896,0,863,3496
2019-3,Myanmar,7021,15.24950755,0.457203214,2026,17,52,102,4824
2019-3,*GCC,3021,1.375838926,0.196725667,2758,22,19,135,87
2019-3,Kazakhstan,4915,-10.2283105,0.320061785,3202,11,3,178,1521
2019-3,Turkey,2532,2.75974026,0.164882287,1369,15,73,38,1037
2019-3,Cambodia,2501,8.362218371,0.162863586,752,43,107,38,1561
2019-3,Sri Lanka,1494,0.201207243,0.097288364,177,53,11,28,1225
2019-3,Bangladesh,1704,14.20911528,0.110963435,206,148,107,230,1013
2019-3,Pakistan,1282,-11.7687543,0.083483054,285,233,14,256,494
2019-3,Israel,1613,6.609385327,0.105037571,1549,11,1,1,51
2019-3,Iran,382,-50.1305483,0.024875606,195,95,8,30,54
2019-3,Asia others,6719,8.039877794,0.437537159,2759,547,241,402,2770
2019-3,USA,84275,5.239825672,5.487936308,65448,400,2221,190,16016
2019-3,Canada,18670,-0.865502044,1.215778948,14313,42,38,37,4240
2019-3,Brazil,1673,4.693366708,0.108944734,1250,19,15,21,368
2019-3,Mexico,2201,-3.633975482,0.14332777,1663,7,1,18,512
2019-3,America others,3208,13.19689485,0.208902992,2299,22,27,79,781
2019-3,Russia,27992,8.778611122,1.82282187,20692,141,13,182,6964
2019-3,UK,12813,4.536183405,0.834374701,11064,126,13,50,1560
2019-3,Germany,11142,-0.863066109,0.725560206,9496,219,29,106,1292
2019-3,France,7469,5.167558434,0.486376699,5824,274,60,245,1066
2019-3,Italy,3583,1.071932299,0.233322762,2931,64,10,33,545
2019-3,Netherland,2898,8.783783784,0.188715982,2219,47,12,20,600
2019-3,Ukraine,2368,4.732419284,0.154202708,630,95,6,17,1620
2019-3,Spain,2007,-11.50793651,0.130694609,1675,21,10,36,265
2019-3,Romania,1044,7.628865979,0.06798464,494,5,3,2,540
2019-3,Norway,858,-39.0625,0.055872434,723,37,1,24,73
2019-3,Sweden,1458,-14.03301887,0.094944066,1261,30,9,47,111
2019-3,Poland,1960,12.06403659,0.127633998,1264,8,1,21,666
2019-3,Swiss,1224,-18.34556371,0.079706129,1054,13,1,21,135
2019-3,Portugal,824,-16.08961303,0.053658375,686,2,0,8,128
2019-3,Austria,911,-15.09785648,0.059323761,740,9,0,5,157
2019-3,Finland,1082,-9.304274937,0.070459176,641,17,3,15,406
2019-3,Belgium,1400,31.45539906,0.091167141,1161,16,20,9,194
2019-3,Croatia,489,-25.57077626,0.03184338,211,11,1,3,263
2019-3,Greece,803,-10.6785317,0.052290867,509,13,10,1,270
2019-3,Bulgaria,455,-7.894736842,0.029629321,212,3,1,3,236
2019-3,Denmark,1001,-13.78122308,0.065184506,813,11,5,10,162
2019-3,Ireland,724,-3.466666667,0.047146436,587,7,2,5,123
2019-3,Europe others,3300,2.262163,0.214893976,2105,31,18,67,1079
2019-3,Austrailia,12263,14.68250257,0.798559038,10769,99,31,13,1351
2019-3,New Zealand,2451,3.855932203,0.159607617,1800,24,4,2,621
2019-3,Oceania others,430,13.75661376,0.028001336,331,2,6,2,89
2019-3,South Africa,945,19.01763224,0.06153782,488,5,2,6,444
2019-3,Africa others,3798,16.28903858,0.24732343,1267,831,87,259,1354
2019-3,Stateless,57,3.636363636,0.003711805,38,2,0,0,17
2019-3,Overseas Korean,19225,-18.8681634,1.251920208,0,0,0,0,19225
2019-4,China,493250,34.54572236,30.16697797,410542,3575,362,9959,68812
2019-4,Japan,290092,35.65018962,17.74191378,283101,1584,126,333,4948
2019-4,Taiwan,113072,7.506393983,6.915439499,111505,73,13,147,1334
2019-4,Hong Kong,76104,14.38534261,4.654491011,75074,47,2,90,891
2019-4,Macao,4310,4.535532379,0.263597922,4292,1,1,3,13
2019-4,Phillipines,66525,35.6186166,4.068643101,43794,228,167,45,22291
2019-4,Indonesia,31427,12.58911618,1.922063085,22596,225,207,54,8345
2019-4,Thailand,69726,7.734857849,4.264415014,61999,53,401,55,7218
2019-4,Vietnam,63169,24.52737201,3.863391447,51939,1271,283,1284,8392
2019-4,India,12933,21.53932901,0.790977245,4088,3039,53,75,5678
2019-4,Malaysia,43726,4.770576255,2.674265137,40894,120,4,27,2681
2019-4,Singapore,23307,10.30288689,1.425447046,21814,116,1,19,1357
2019-4,Mongolia,7582,-0.328644669,0.463712168,6389,83,299,248,563
2019-4,Uzbekistan,7378,3.289934201,0.451235608,3270,651,4,109,3344
2019-4,Myanmar,7272,-1.195652174,0.444752689,2716,13,62,17,4464
2019-4,*GCC,3265,32.34698014,0.199686129,3115,24,17,34,75
2019-4,Kazakhstan,4618,-3.731498853,0.282435082,3129,20,11,17,1441
2019-4,Turkey,2826,-15.10964254,0.17283706,1687,12,142,13,972
2019-4,Cambodia,5325,34.81012658,0.325674927,2028,63,112,18,3104
2019-4,Sri Lanka,1478,5.571428571,0.090393905,313,72,6,8,1079
2019-4,Bangladesh,1318,7.767784137,0.080608367,275,137,125,49,732
2019-4,Pakistan,1218,7.597173145,0.074492406,361,315,36,66,440
2019-4,Israel,2221,17.95007966,0.135835495,2161,11,0,2,47
2019-4,Iran,298,-54.50381679,0.018225564,148,79,5,12,54
2019-4,Asia others,6762,11.62099703,0.413561287,3247,484,200,64,2767
2019-4,USA,102524,14.9256241,6.270327926,83521,352,3763,113,14775
2019-4,Canada,21361,15.03581238,1.306430444,17275,44,43,15,3984
2019-4,Brazil,2212,22.68441486,0.135285059,1752,15,16,5,424
2019-4,Mexico,3298,39.98302207,0.201704396,2722,7,7,15,547
2019-4,America others,4422,25.34013605,0.270447798,3292,34,44,19,1033
2019-4,Russia,34205,9.235780666,2.091964483,25342,166,25,41,8631
2019-4,UK,16707,25.02432089,1.021793616,14760,141,19,18,1769
2019-4,Germany,12873,17.84145002,0.787307668,10819,212,28,84,1730
2019-4,France,11616,14.17338313,0.710430038,10034,224,40,164,1154
2019-4,Italy,4381,5.642633229,0.267940254,3238,46,18,12,1067
2019-4,Netherland,4089,23.83403998,0.250081648,3452,48,8,12,569
2019-4,Ukraine,2574,13.84343211,0.157424838,799,76,7,8,1684
2019-4,Spain,2678,32.44312562,0.163785437,2314,20,14,29,301
2019-4,Romania,1323,15.54585153,0.080914165,721,6,3,1,592
2019-4,Norway,1489,48.01192843,0.09106666,1382,29,3,8,67
2019-4,Sweden,2188,17.6344086,0.133817228,2007,18,16,22,125
2019-4,Poland,2301,9.46717412,0.140728264,1615,9,7,11,659
2019-4,Swiss,2236,27.77142857,0.136752889,2068,15,9,11,133
2019-4,Portugal,1192,13.09297913,0.072902256,1052,5,0,2,133
2019-4,Austria,1140,6.343283582,0.069721956,935,9,1,9,186
2019-4,Finland,1275,8.326253186,0.077978504,854,8,2,27,384
2019-4,Belgium,1490,13.91437309,0.09112782,1313,20,5,8,144
2019-4,Croatia,578,9.46969697,0.035350255,255,7,0,1,315
2019-4,Greece,798,-6.884480747,0.048805369,501,15,0,0,282
2019-4,Bulgaria,742,26.40545145,0.045380431,323,4,2,2,411
2019-4,Denmark,1387,18.64841745,0.08482838,1196,16,10,14,151
2019-4,Ireland,986,36.37621024,0.060303376,855,4,0,1,126
2019-4,Europe others,4333,24.58309373,0.265004593,3032,54,30,24,1193
2019-4,Austrailia,19938,28.63225806,1.219400318,18581,77,67,13,1200
2019-4,New Zealand,3802,22.60561109,0.23252884,3189,19,11,2,581
2019-4,Oceania others,471,1.290322581,0.028806177,343,3,8,13,104
2019-4,South Africa,1159,17.66497462,0.070883989,676,7,1,1,474
2019-4,Africa others,3858,3.487124464,0.235953778,1797,786,68,70,1137
2019-4,Stateless,64,-1.538461538,0.003914215,48,2,0,0,14
2019-4,Overseas Korean,20174,-15.46616384,1.233833986,0,0,0,0,20174
2019-5,China,500413,35.16565736,33.68233083,413949,4034,534,14003,67893
2019-5,Japan,286273,25.98380496,19.26876779,279174,2019,91,715,4274
2019-5,Taiwan,101779,15.25978438,6.850649263,100004,84,11,234,1446
2019-5,Hong Kong,57026,-0.512909979,3.838366705,55756,56,2,147,1065
2019-5,Macao,2909,-7.208931419,0.195802068,2885,1,0,13,10
2019-5,Phillipines,50569,18.36758579,3.403752076,29015,201,176,56,21121
2019-5,Indonesia,18936,-0.634937293,1.274564443,11464,154,152,75,7091
2019-5,Thailand,52660,1.530868006,3.54449533,45671,61,445,71,6412
2019-5,Vietnam,44416,31.89214871,2.989599403,32528,1073,368,2338,8109
2019-5,India,13858,19.20860215,0.932769014,4483,2896,99,92,6288
2019-5,Malaysia,31217,22.79521674,2.101187063,28485,116,1,57,2558
2019-5,Singapore,20114,1.750303521,1.353854521,18448,152,2,71,1441
2019-5,Mongolia,8014,2.835878352,0.539414842,6742,95,283,390,504
2019-5,Uzbekistan,6839,-0.754607459,0.460326691,3055,830,3,152,2799
2019-5,Myanmar,6556,1.126021903,0.441278226,1990,17,83,33,4433
2019-5,*GCC,930,-27.79503106,0.06259743,819,21,2,51,37
2019-5,Kazakhstan,4585,-1.142733937,0.30861206,3349,15,9,38,1174
2019-5,Turkey,2492,-2.312818503,0.167734188,1334,12,78,45,1023
2019-5,Cambodia,4236,-3.507972665,0.285121197,1484,44,144,22,2542
2019-5,Sri Lanka,1538,-9.101654846,0.103521341,251,64,2,7,1214
2019-5,Bangladesh,1225,4.880136986,0.082453604,242,102,106,30,745
2019-5,Pakistan,854,-25.28433946,0.057481941,290,180,19,62,303
2019-5,Israel,1409,9.735202492,0.094838472,1331,9,0,3,66
2019-5,Iran,271,-62.41331484,0.018240756,146,62,5,13,45
2019-5,Asia others,4786,-23.7776716,0.322141182,1953,348,214,61,2210
2019-5,USA,95815,13.25516247,6.449218003,76044,368,3153,308,15942
2019-5,Canada,19439,4.224974532,1.308420902,15237,47,27,49,4079
2019-5,Brazil,2054,20.89464391,0.138252818,1550,18,14,15,457
2019-5,Mexico,2565,24.21307506,0.17264775,1934,3,13,68,547
2019-5,America others,3646,12.6003706,0.245408849,2779,29,36,48,754
2019-5,Russia,32955,23.48709109,2.218170217,24861,165,39,87,7803
2019-5,UK,11522,6.655558641,0.77553504,9737,137,16,44,1588
2019-5,Germany,10103,4.165377874,0.680023477,8262,220,23,213,1385
2019-5,France,10395,10.7028754,0.699677724,8254,267,54,430,1390
2019-5,Italy,4856,8.417057379,0.326852817,3400,61,19,54,1322
2019-5,Netherland,3348,8.560311284,0.225350748,2737,31,5,57,518
2019-5,Ukraine,2397,6.438721137,0.161339827,698,89,2,10,1598
2019-5,Spain,2403,6.468763846,0.161743682,2032,20,17,64,270
2019-5,Romania,1122,3.03030303,0.07552077,542,4,1,8,567
2019-5,Norway,820,-4.982618772,0.055193433,716,19,0,32,53
2019-5,Sweden,1655,4.879594423,0.111396502,1485,24,8,36,102
2019-5,Poland,2259,20.80213904,0.152051176,1489,10,3,26,731
2019-5,Swiss,1585,9.159779614,0.106684867,1434,22,1,30,98
2019-5,Portugal,916,12.53071253,0.061655103,749,12,0,6,149
2019-5,Austria,992,3.657262278,0.066770592,800,4,3,14,171
2019-5,Finland,1329,9.653465347,0.089453747,864,12,7,57,389
2019-5,Belgium,1245,22.41887906,0.083799785,1012,21,4,23,185
2019-5,Croatia,569,17.31958763,0.038298858,252,5,1,2,309
2019-5,Greece,749,-2.727272727,0.050414489,495,21,2,1,230
2019-5,Bulgaria,639,0.947867299,0.043010492,330,3,2,2,302
2019-5,Denmark,1181,16.12586037,0.079492005,979,14,11,29,148
2019-5,Ireland,752,0.939597315,0.050616416,619,14,2,1,116
2019-5,Europe others,3962,19.30141524,0.266678513,2495,44,22,55,1346
2019-5,Austrailia,13558,8.707504811,0.912576295,12114,77,46,50,1271
2019-5,New Zealand,3172,4.514003295,0.213504352,2550,21,8,3,590
2019-5,Oceania others,638,19.69981238,0.042943183,499,2,10,6,121
2019-5,South Africa,1064,-2.115915363,0.071616844,513,9,7,2,533
2019-5,Africa others,3214,-24.30522845,0.216331333,1208,578,72,93,1263
2019-5,Stateless,72,1.408450704,0.004846253,44,3,0,0,25
2019-5,Overseas Korean,18788,-18.95086493,1.264602702,0,0,0,0,18788
2019-6,China,475007,25.03770818,32.1772936,395196,3743,399,14680,60989
2019-6,Japan,282476,20.05287025,19.13511419,275286,1901,136,771,4382
2019-6,Taiwan,118437,15.14052672,8.023002023,116323,84,24,719,1287
2019-6,Hong Kong,61728,-6.665053828,4.181496229,60526,46,2,280,874
2019-6,Macao,3622,-5.701640198,0.245356716,3556,1,0,55,10
2019-6,Phillipines,40748,8.505086009,2.760296921,22430,174,166,80,17898
2019-6,Indonesia,27880,22.10397232,1.888609948,19928,182,346,223,7201
2019-6,Thailand,37684,-8.132618235,2.552739501,30596,61,308,115,6604
2019-6,Vietnam,58339,20.79718397,3.95192309,45005,1098,542,3490,8204
2019-6,India,13249,28.0591533,0.897496169,4892,3084,194,121,4958
2019-6,Malaysia,25538,-7.561443515,1.729961293,22652,121,5,139,2621
2019-6,Singapore,24743,7.033784661,1.676107458,23162,128,11,50,1392
2019-6,Mongolia,9244,1.326318097,0.626194776,7647,74,284,584,655
2019-6,Uzbekistan,7295,8.074074074,0.494168206,3429,862,5,197,2802
2019-6,Myanmar,6303,6.559594252,0.426969458,1621,15,154,71,4442
2019-6,*GCC,4736,82.50481696,0.320819825,4318,42,12,112,252
2019-6,Kazakhstan,4829,6.108547572,0.327119707,3472,13,2,98,1244
2019-6,Turkey,2835,13.44537815,0.192044806,1613,6,137,37,1042
2019-6,Cambodia,3733,35.99271403,0.25287593,1274,48,192,30,2189
2019-6,Sri Lanka,1819,-5.751295337,0.123220283,245,76,5,14,1479
2019-6,Bangladesh,1260,0.398406375,0.085353247,237,144,93,41,745
2019-6,Pakistan,979,-11.88118812,0.066318118,356,228,29,61,305
2019-6,Israel,940,4.910714286,0.063676232,879,10,1,1,49
2019-6,Iran,384,-34.24657534,0.026012418,252,52,8,16,56
2019-6,Asia others,6396,10.65743945,0.433269341,2797,456,360,133,2650
2019-6,USA,105398,11.24738764,7.139731395,86508,367,3470,350,14703
2019-6,Canada,16133,11.10116383,1.092860269,12012,38,26,46,4011
2019-6,Brazil,1924,19.13312693,0.130333054,1481,19,23,18,383
2019-6,Mexico,2361,16.13379242,0.159935728,1821,7,3,47,483
2019-6,America others,3370,20.1426025,0.228286066,2732,14,41,47,536
2019-6,Russia,28666,6.97865353,1.941854116,21774,175,33,110,6574
2019-6,UK,11155,5.375023616,0.755647201,9538,129,10,46,1432
2019-6,Germany,8947,6.208452042,0.606075796,7284,209,25,160,1269
2019-6,France,8559,10.92534992,0.579792415,6915,229,25,297,1093
2019-6,Italy,4136,4.470825966,0.280175421,3039,47,13,68,969
2019-6,Netherland,2900,11.79645335,0.19644795,2252,41,4,35,568
2019-6,Ukraine,1941,0.674273859,0.131484645,606,83,3,21,1228
2019-6,Spain,2590,21.3683224,0.175448342,2238,27,7,51,267
2019-6,Romania,984,0.1017294,0.066656822,524,9,7,5,439
2019-6,Norway,1156,5.186533212,0.078308217,1069,27,0,11,49
2019-6,Sweden,2079,2.413793103,0.140832858,1926,26,9,31,87
2019-6,Poland,2201,29.54679223,0.14909722,1479,12,0,20,690
2019-6,Swiss,1239,2.143446002,0.083930693,1132,19,3,14,71
2019-6,Portugal,868,4.704463209,0.058798904,751,5,0,2,110
2019-6,Austria,889,8.150851582,0.060221458,743,6,1,12,127
2019-6,Finland,1338,12.24832215,0.09063702,946,9,1,36,346
2019-6,Belgium,1181,29.21225383,0.080001734,986,19,1,10,165
2019-6,Croatia,403,-7.780320366,0.027299491,207,2,0,1,193
2019-6,Greece,765,-3.164556962,0.051821614,508,18,1,3,235
2019-6,Bulgaria,448,-13.84615385,0.030347821,215,1,1,0,231
2019-6,Denmark,939,7.191780822,0.063608491,767,7,8,27,130
2019-6,Ireland,820,7.894736842,0.055547351,682,6,5,7,120
2019-6,Europe others,3519,21.09428768,0.238379426,2213,46,32,47,1181
2019-6,Austrailia,13201,11.48551643,0.894244617,11804,77,61,57,1202
2019-6,New Zealand,3547,23.84776536,0.240276165,2949,12,15,1,570
2019-6,Oceania others,604,15.93090211,0.040915366,503,4,9,1,87
2019-6,South Africa,973,13.4032634,0.065911674,689,3,7,3,271
2019-6,Africa others,3625,14.24519382,0.245559938,1822,662,68,116,957
2019-6,Stateless,44,-42.10526316,0.00298059,33,2,0,0,9
2019-6,Overseas Korean,17111,-19.61760699,1.159110646,0,0,0,0,17111
2019-7,China,519132,26.51357299,35.84999865,439699,3587,356,10847,64643
2019-7,Japan,274830,19.22589713,18.9790942,267816,1855,149,694,4316
2019-7,Taiwan,113587,16.26576318,7.844043128,112231,75,22,184,1075
2019-7,Hong Kong,59036,1.135799085,4.076883183,57868,50,1,212,905
2019-7,Macao,5246,-5.52854313,0.362276055,5207,1,0,23,15
2019-7,Phillipines,29074,-0.557512741,2.007780027,13795,160,171,121,14827
2019-7,Indonesia,18260,1.101821605,1.260991377,11279,146,255,230,6350
2019-7,Thailand,37278,11.47727273,2.574328398,30132,58,230,108,6750
2019-7,Vietnam,52521,13.41179011,3.626973061,39404,1049,348,3062,8658
2019-7,India,10432,5.065968375,0.720408655,3509,2828,51,142,3902
2019-7,Malaysia,16831,7.244806933,1.162308098,14055,124,8,128,2516
2019-7,Singapore,10992,-4.591615311,0.759080899,9392,138,6,43,1413
2019-7,Mongolia,8766,-3.351708931,0.60535873,6941,78,233,740,774
2019-7,Uzbekistan,7405,5.831070459,0.511371366,3444,600,1,336,3024
2019-7,Myanmar,5421,-14.07513077,0.374361131,1657,12,114,72,3566
2019-7,*GCC,4638,15.92101975,0.320289047,4494,5,13,40,86
2019-7,Kazakhstan,4953,11.45364536,0.342042185,3612,11,4,81,1245
2019-7,Turkey,2962,10.39880731,0.204548546,1684,18,34,34,1192
2019-7,Cambodia,2565,2.313522138,0.177132688,961,56,141,51,1356
2019-7,Sri Lanka,1355,-11.14754098,0.093573018,241,54,3,38,1019
2019-7,Bangladesh,1196,-12.25238445,0.082592863,221,135,119,72,649
2019-7,Pakistan,1087,-9.79253112,0.075065587,389,212,27,114,345
2019-7,Israel,1320,11.29848229,0.091156003,1274,8,4,4,30
2019-7,Iran,318,-54.82954545,0.02196031,178,57,11,26,46
2019-7,Asia others,5878,2.06633096,0.405920444,2541,471,163,229,2474
2019-7,USA,97428,7.929544699,6.728141723,77224,359,3486,190,16169
2019-7,Canada,16103,7.339021464,1.112034181,11868,36,37,51,4111
2019-7,Brazil,1979,22.84295469,0.136664947,1582,16,10,29,342
2019-7,Mexico,3253,11.59519726,0.224644302,2669,8,4,81,491
2019-7,America others,3494,17.92102599,0.241287178,2823,21,44,104,502
2019-7,Russia,28421,0.569709837,1.962685428,21331,164,43,109,6774
2019-7,UK,10826,1.338575307,0.747617341,9208,128,14,44,1432
2019-7,Germany,9675,6.306999231,0.668132068,7953,211,29,109,1373
2019-7,France,10716,11.79968701,0.740021007,9121,207,48,217,1123
2019-7,Italy,4388,14.89918827,0.303024653,3259,62,13,36,1018
2019-7,Netherland,4141,16.02689829,0.285967431,3500,49,10,43,539
2019-7,Ukraine,2230,5.437352246,0.153998399,813,100,5,31,1281
2019-7,Spain,3066,15.30650621,0.211730535,2709,18,20,35,284
2019-7,Romania,945,4.419889503,0.065259411,503,8,1,6,427
2019-7,Norway,1494,15.54524362,0.103172022,1398,19,4,18,55
2019-7,Sweden,1727,9.79020979,0.119262437,1558,19,6,13,131
2019-7,Poland,1954,3.167898627,0.134938508,1330,12,1,24,587
2019-7,Swiss,2029,22.59818731,0.140117826,1921,13,4,15,76
2019-7,Portugal,957,-1.340206186,0.066088102,850,5,1,6,95
2019-7,Austria,1174,8.502772643,0.081073597,1000,6,0,17,151
2019-7,Finland,1013,6.29590766,0.069955327,622,8,0,14,369
2019-7,Belgium,1549,20.92115535,0.106970189,1374,15,1,13,146
2019-7,Croatia,455,4.118993135,0.031421198,289,3,0,2,161
2019-7,Greece,799,13.81766382,0.055177005,569,11,5,1,213
2019-7,Bulgaria,543,6.0546875,0.037498265,311,2,3,8,219
2019-7,Denmark,1507,24.64846981,0.10406977,1348,8,10,15,126
2019-7,Ireland,806,8.187919463,0.055660408,658,6,2,2,138
2019-7,Europe others,4106,24.34887947,0.283550416,2858,36,47,57,1108
2019-7,Austrailia,11840,3.037159516,0.817641725,10403,79,40,40,1278
2019-7,New Zealand,2799,4.831460674,0.193292161,2176,14,5,5,599
2019-7,Oceania others,566,-1.393728223,0.039086589,464,4,9,8,81
2019-7,South Africa,933,-1.582278481,0.06443072,647,4,3,4,275
2019-7,Africa others,4423,7.694180667,0.305441668,2364,719,94,190,1056
2019-7,Stateless,58,-3.333333333,0.00400534,40,0,0,1,17
2019-7,Overseas Korean,15587,-20.07486412,1.07640047,0,0,0,0,15587
2019-8,China,578112,20.90852052,36.44407517,451570,3625,388,44291,78238
2019-8,Japan,329652,4.643123562,20.78120203,318985,2195,165,2957,5350
2019-8,Taiwan,109273,8.710964314,6.888550015,106682,73,17,1088,1413
2019-8,Hong Kong,65958,4.039623326,4.157980305,64438,74,6,474,966
2019-8,Macao,6321,-1.542056075,0.398474689,6258,3,0,49,11
2019-8,Phillipines,41817,37.28947109,2.636136063,13342,144,157,305,27869
2019-8,Indonesia,18210,15.28234996,1.147955083,8337,103,262,814,8694
2019-8,Thailand,32830,15.128349,2.06959722,24857,50,318,423,7182
2019-8,Vietnam,43583,17.52190913,2.747464381,28562,1020,245,4152,9604
2019-8,India,17001,60.23562677,1.071739943,3870,2850,114,341,9826
2019-8,Malaysia,20520,6.774898533,1.293577062,16892,115,13,690,2810
2019-8,Singapore,13008,9.837034535,0.82002195,11003,206,8,367,1424
2019-8,Mongolia,9626,-7.602226915,0.606821287,5984,106,228,1762,1546
2019-8,Uzbekistan,7983,5.09478673,0.503246866,2707,590,9,1379,3298
2019-8,Myanmar,5523,5.159939071,0.348168914,1373,9,80,212,3849
2019-8,*GCC,5285,23.85751113,0.333165437,4922,15,19,178,151
2019-8,Kazakhstan,4948,7.917121047,0.311921019,2810,14,20,611,1493
2019-8,Turkey,3015,-5.692837035,0.190065051,1625,17,45,212,1116
2019-8,Cambodia,2619,21.19389172,0.165101283,1008,51,137,158,1265
2019-8,Sri Lanka,1916,18.05298829,0.120784291,401,47,7,84,1377
2019-8,Bangladesh,1868,20.51612903,0.11775838,381,142,89,271,985
2019-8,Pakistan,1191,1.794871795,0.075080423,315,181,22,340,333
2019-8,Israel,1110,-7.883817427,0.069974198,1029,10,1,17,53
2019-8,Iran,526,-12.91390728,0.033158944,348,29,7,63,79
2019-8,Asia others,6449,25.17468944,0.406543785,2715,397,209,799,2329
2019-8,USA,86586,11.98541109,5.458365668,62072,450,3224,1552,19288
2019-8,Canada,16700,13.71374098,1.052764958,11304,43,34,175,5144
2019-8,Brazil,2188,23.5460192,0.137931121,1587,21,13,98,469
2019-8,Mexico,2809,36.09496124,0.177078848,1862,11,12,235,689
2019-8,America others,4200,34.87475915,0.264767235,2723,18,34,308,1117
2019-8,Russia,28700,24.7771836,1.809242772,20964,133,39,592,6972
2019-8,UK,13116,17.82249371,0.826830251,9810,141,26,239,2900
2019-8,Germany,11159,11.47852148,0.703461327,8239,236,24,1027,1633
2019-8,France,12984,21.0968103,0.818508995,9744,246,75,1420,1499
2019-8,Italy,5915,38.29787234,0.372880523,3861,87,30,212,1725
2019-8,Netherland,3961,16.91263282,0.249700718,2848,47,11,401,654
2019-8,Ukraine,2904,32.66331658,0.183067631,711,63,5,64,2061
2019-8,Spain,4554,34.53471196,0.28708333,3926,29,18,253,328
2019-8,Romania,1432,54.64362851,0.090273019,638,10,3,32,749
2019-8,Norway,803,-18.31129196,0.050620974,584,36,3,116,64
2019-8,Sweden,1490,9.478324761,0.093929329,1114,35,2,219,120
2019-8,Poland,2326,18.79468846,0.146630616,1571,10,3,95,647
2019-8,Swiss,1664,18.26581379,0.104898257,1478,22,0,80,84
2019-8,Portugal,1342,29.78723404,0.084599436,1055,6,0,46,235
2019-8,Austria,1218,13.40782123,0.076782498,966,9,2,78,163
2019-8,Finland,1075,5.083088954,0.067767804,546,11,2,145,371
2019-8,Belgium,1305,27.0691334,0.082266962,995,17,4,112,177
2019-8,Croatia,614,49.02912621,0.038706448,223,11,0,6,374
2019-8,Greece,778,13.41107872,0.049044978,508,36,0,7,227
2019-8,Bulgaria,751,25.16666667,0.047342903,321,4,1,27,398
2019-8,Denmark,1045,4.291417166,0.06587661,728,13,10,162,132
2019-8,Ireland,932,15.92039801,0.05875311,579,9,3,20,321
2019-8,Europe others,4668,22.61623325,0.29426987,2668,38,20,382,1560
2019-8,Austrailia,13647,17.88027987,0.860304394,12019,95,42,108,1383
2019-8,New Zealand,3112,13.86754482,0.196179913,2436,21,10,11,634
2019-8,Oceania others,609,-0.163934426,0.038391249,519,1,6,9,74
2019-8,South Africa,1887,27.5862069,0.118956136,634,6,1,11,1235
2019-8,Africa others,4864,16.97931698,0.306625674,2081,593,165,841,1184
2019-8,Stateless,57,-24,0.00359327,36,1,0,8,12
2019-8,Overseas Korean,16560,-17.72246236,1.043939383,0,0,0,0,16560
2019-9,China,541350,24.56424947,37.08730228,432018,3873,447,25545,79467
2019-9,Japan,251119,1.320169298,17.20389076,242475,2362,211,1137,4934
2019-9,Taiwan,102758,17.63803505,7.039839305,100888,112,14,300,1444
2019-9,Hong Kong,45911,-7.528852545,3.145312894,44708,49,7,256,891
2019-9,Macao,2727,-10.14827018,0.186823817,2687,2,0,24,14
2019-9,Phillipines,36252,8.451251982,2.483585263,18539,203,196,121,17193
2019-9,Indonesia,19309,5.883965782,1.322838681,11858,149,317,279,6706
2019-9,Thailand,36052,5.114000816,2.46988348,28877,54,411,133,6577
2019-9,Vietnam,43617,16.37096129,2.988153438,28210,1064,530,5577,8236
2019-9,India,12716,11.61239358,0.87115939,4111,3152,146,186,5121
2019-9,Malaysia,28020,-2.072484535,1.919619858,25123,166,5,251,2475
2019-9,Singapore,17745,15.63273817,1.215690734,16137,137,13,63,1395
2019-9,Mongolia,10900,-1.801801802,0.746747197,8120,122,315,1155,1188
2019-9,Uzbekistan,9056,13.78313859,0.620416753,3093,853,1,1484,3625
2019-9,Myanmar,6534,18.60591759,0.447637264,1832,19,255,93,4335
2019-9,*GCC,2462,25.35641548,0.168668954,2187,30,6,135,104
2019-9,Kazakhstan,4909,13.45042755,0.336310274,2956,17,2,179,1755
2019-9,Turkey,2802,19.43734015,0.191961986,1561,21,61,37,1122
2019-9,Cambodia,3629,82.45349422,0.24861886,1794,49,170,32,1584
2019-9,Sri Lanka,2103,22.26744186,0.144074253,351,81,8,22,1641
2019-9,Bangladesh,1880,18.68686869,0.128796764,302,167,102,185,1124
2019-9,Pakistan,1459,9.78179082,0.09995451,323,310,29,321,476
2019-9,Israel,1837,-6.035805627,0.125850881,1779,11,1,3,43
2019-9,Iran,446,-21.47887324,0.030554977,281,63,8,42,52
2019-9,Asia others,7350,34.24657534,0.503540541,3328,567,315,299,2841
2019-9,USA,90819,15.21452313,6.221911344,70634,421,2736,186,16842
2019-9,Canada,18213,16.25071807,1.247752908,13449,50,39,31,4644
2019-9,Brazil,2498,46.2529274,0.171135275,2029,23,17,36,393
2019-9,Mexico,3038,52.89380976,0.20813009,2506,3,12,27,490
2019-9,America others,4588,27.19711672,0.314318912,3756,18,73,77,664
2019-9,Russia,30266,29.40824354,2.073490886,21349,175,36,155,8551
2019-9,UK,13325,23.91890635,0.912881321,11473,156,28,13,1655
2019-9,Germany,12670,17.75092937,0.86800798,10802,218,21,89,1540
2019-9,France,10242,28.92749245,0.701668329,8587,245,32,127,1251
2019-9,Italy,4513,0.691655511,0.309180743,3550,81,17,26,839
2019-9,Netherland,3485,10.42458809,0.238753576,2816,28,9,18,614
2019-9,Ukraine,2214,4.286387188,0.151678743,715,80,5,26,1388
2019-9,Spain,3134,22.85378283,0.214706946,2764,27,14,30,299
2019-9,Romania,1179,12.60744986,0.080772013,675,12,5,4,483
2019-9,Norway,1054,0.094966762,0.072208399,962,30,2,20,40
2019-9,Sweden,2010,31.97636244,0.137702923,1784,26,5,66,129
2019-9,Poland,2570,18.54243542,0.176067917,1870,14,1,17,668
2019-9,Swiss,1923,15.35692861,0.131742648,1795,20,7,11,90
2019-9,Portugal,1000,12.48593926,0.068508917,840,11,0,5,144
2019-9,Austria,1369,23.66757001,0.093788708,1186,7,3,7,166
2019-9,Finland,1264,6.576728499,0.086595271,878,8,4,7,367
2019-9,Belgium,1542,34.55497382,0.10564075,1300,15,9,20,198
2019-9,Croatia,494,-6.79245283,0.033843405,277,5,2,3,207
2019-9,Greece,1023,29.0037831,0.070084622,717,29,1,2,274
2019-9,Bulgaria,633,8.205128205,0.043366145,370,3,19,5,236
2019-9,Denmark,1244,19.0430622,0.085225093,1101,12,11,8,112
2019-9,Ireland,1176,48.67256637,0.080566487,1007,5,4,3,157
2019-9,Europe others,4421,25.41843972,0.302877923,3042,48,56,46,1229
2019-9,Austrailia,17269,12.79555846,1.18308049,15818,83,51,10,1307
2019-9,New Zealand,4035,22.98079854,0.276433481,3393,26,9,1,606
2019-9,Oceania others,526,-6.071428571,0.03603569,413,0,9,3,101
2019-9,South Africa,1197,14.32664756,0.082005174,743,8,11,7,428
2019-9,Africa others,5119,38.3139692,0.350697147,2249,1145,85,297,1343
2019-9,Stateless,49,-20.96774194,0.003356937,33,3,0,5,8
2019-9,Overseas Korean,16619,-14.94882293,1.138549694,0,0,0,0,16619
2019-10,China,567695,19.43754247,34.27706279,476460,3967,547,12722,73999
2019-10,Japan,248541,-14.43429225,15.00674739,241484,1897,438,556,4166
2019-10,Taiwan,127944,27.97983435,7.725177289,126421,81,10,135,1297
2019-10,Hong Kong,65544,6.622419599,3.957505004,64439,63,4,76,962
2019-10,Macao,4504,23.12739202,0.271948653,4484,2,0,8,10
2019-10,Phillipines,55394,6.494155644,3.344654464,37353,195,220,55,17571
2019-10,Indonesia,28494,14.29144439,1.720449585,20527,137,285,84,7461
2019-10,Thailand,65878,9.904739661,3.977671711,58290,56,344,59,7129
2019-10,Vietnam,64820,17.04586493,3.913790345,53659,1226,630,1604,7701
2019-10,India,13160,3.760939841,0.794592424,4403,2692,85,84,5896
2019-10,Malaysia,45354,11.27631385,2.738445654,42624,160,13,49,2508
2019-10,Singapore,24719,13.45756644,1.492517487,23070,199,8,37,1405
2019-10,Mongolia,11221,4.585702302,0.677516838,9834,84,421,271,611
2019-10,Uzbekistan,8375,-1.039820395,0.50567717,3668,968,1,191,3547
2019-10,Myanmar,5876,-3.402926188,0.35478914,1935,18,214,22,3687
2019-10,*GCC,2429,1.546822742,0.146661474,2237,25,18,55,94
2019-10,Kazakhstan,4776,0.167785235,0.28837184,3348,10,10,30,1378
2019-10,Turkey,2893,11.56961049,0.174677499,1649,11,56,14,1163
2019-10,Cambodia,3339,5.198487713,0.201606695,1471,64,161,12,1631
2019-10,Sri Lanka,1449,-16.81974742,0.087489698,467,82,5,7,888
2019-10,Bangladesh,1715,10.14771997,0.103550608,337,179,197,46,956
2019-10,Pakistan,1010,-17.21311475,0.060983157,382,258,17,64,289
2019-10,Israel,2820,58.96279594,0.170269805,2729,12,5,3,71
2019-10,Iran,501,4.158004158,0.030250061,334,87,21,10,49
2019-10,Asia others,6841,7.276148659,0.413055226,3491,626,410,104,2210
2019-10,USA,101099,3.053933111,6.104293275,82230,421,2240,157,16051
2019-10,Canada,20624,2.164759499,1.245263994,15841,37,33,26,4687
2019-10,Brazil,2452,24.27774962,0.148050199,1896,16,13,15,512
2019-10,Mexico,2878,7.42814483,0.173771808,2355,5,9,24,485
2019-10,America others,4669,15.0283321,0.281911248,3413,18,60,28,1150
2019-10,Russia,33379,18.56285298,2.015402776,25818,166,50,48,7297
2019-10,UK,15911,15.18859046,0.960696053,14117,150,14,20,1610
2019-10,Germany,13322,5.437277404,0.804373881,11460,207,28,158,1469
2019-10,France,12546,16.02700453,0.757519495,10681,232,38,201,1394
2019-10,Italy,4951,0.344548034,0.298938229,3781,66,16,45,1043
2019-10,Netherland,4043,8.770513855,0.244113767,3318,28,8,61,628
2019-10,Ukraine,2371,-10.35916824,0.143159471,795,179,11,4,1382
2019-10,Spain,3140,6.875425459,0.189591202,2777,35,10,49,269
2019-10,Romania,1295,-0.461183705,0.078191276,655,5,15,1,619
2019-10,Norway,1218,-7.517084282,0.073542065,1108,24,4,9,73
2019-10,Sweden,2303,0.699606471,0.139053674,2110,23,5,30,135
2019-10,Poland,2326,8.742402992,0.1404424,1549,14,6,9,748
2019-10,Swiss,2137,7.874810702,0.1290307,1973,20,3,10,131
2019-10,Portugal,1113,3.824626866,0.067202232,973,3,0,13,124
2019-10,Austria,1461,13.25581395,0.08821425,1181,3,3,21,253
2019-10,Finland,1473,10.66867017,0.088938802,1065,11,2,14,381
2019-10,Belgium,1505,7.5768406,0.090870942,1281,17,3,23,181
2019-10,Croatia,498,-28.34532374,0.030068923,273,2,2,0,221
2019-10,Greece,1014,12.41685144,0.061224675,695,21,2,0,296
2019-10,Bulgaria,655,12.15753425,0.039548483,394,2,3,1,255
2019-10,Denmark,1802,21.51045179,0.108803613,1559,12,5,39,187
2019-10,Ireland,1394,50.21551724,0.084168833,1198,11,1,4,180
2019-10,Europe others,4868,21.15480338,0.293926742,3434,73,32,28,1301
2019-10,Austrailia,16251,9.015898571,0.981225037,14247,90,37,13,1864
2019-10,New Zealand,3728,15.31085679,0.225094267,3111,19,16,0,582
2019-10,Oceania others,396,-22.04724409,0.023910228,234,0,26,0,136
2019-10,South Africa,1175,12.33269598,0.070945752,771,9,16,0,379
2019-10,Africa others,4927,10.61966771,0.297489124,2162,1050,113,65,1537
2019-10,Stateless,40,-36.50793651,0.002415175,25,2,0,0,13
2019-10,Overseas Korean,17939,-26.83334693,1.083145403,0,0,0,0,17939
2019-11,China,505369,25.01212103,34.69918547,426849,4020,545,12822,61133
2019-11,Japan,258522,-13.81968011,17.75040184,251663,1876,187,813,3983
2019-11,Taiwan,102241,15.9655192,7.019978317,100595,89,11,225,1321
2019-11,Hong Kong,58600,8.942182562,4.023539767,57442,76,5,208,869
2019-11,Macao,4896,21.12815438,0.336164688,4871,1,0,13,11
2019-11,Phillipines,41739,-6.005945143,2.86584516,26966,172,203,59,14339
2019-11,Indonesia,23760,-1.720714758,1.631387455,18189,142,407,109,4913
2019-11,Thailand,49998,6.421744961,3.432917087,43160,46,404,94,6294
2019-11,Vietnam,43190,6.45534988,2.965472399,31444,1334,632,3116,6664
2019-11,India,12184,18.90309359,0.836566698,4149,3386,115,100,4434
2019-11,Malaysia,49282,7.814482608,3.383755748,46613,124,8,70,2467
2019-11,Singapore,27546,6.023632655,1.891338335,25865,162,6,88,1425
2019-11,Mongolia,10519,11.14750634,0.722245987,9020,73,425,408,593
2019-11,Uzbekistan,7176,0.476057127,0.492711969,3384,709,1,295,2787
2019-11,Myanmar,5660,6.671692424,0.388621759,1752,15,180,39,3674
2019-11,*GCC,2575,29.65760322,0.176802302,2404,25,12,65,69
2019-11,Kazakhstan,3697,4.494064443,0.253840043,2541,8,5,37,1106
2019-11,Turkey,2881,33.50324374,0.197812595,1664,15,56,32,1114
2019-11,Cambodia,3555,44.2775974,0.244090168,2357,46,334,24,794
2019-11,Sri Lanka,1070,2.392344498,0.073467364,308,73,1,6,682
2019-11,Bangladesh,1286,1.25984252,0.088298159,270,163,112,66,675
2019-11,Pakistan,1011,-0.39408867,0.06941636,361,224,23,79,324
2019-11,Israel,1427,16.11065907,0.097979373,1369,7,2,3,46
2019-11,Iran,402,75.54585153,0.027601757,279,49,4,26,44
2019-11,Asia others,6576,11.6089613,0.451515316,3023,527,369,82,2575
2019-11,USA,82238,5.601212183,5.64655057,65116,349,2519,402,13852
2019-11,Canada,16862,10.89773101,1.157763269,13236,45,30,59,3492
2019-11,Brazil,1916,20.20075282,0.131554645,1504,16,12,13,371
2019-11,Mexico,2408,12.20876048,0.1653359,1835,5,7,84,477
2019-11,America others,3282,11.70864534,0.225345691,2640,5,40,61,536
2019-11,Russia,26708,14.23438837,1.833800343,19717,199,37,87,6668
2019-11,UK,11542,14.65183272,0.79248628,9931,123,15,40,1433
2019-11,Germany,9819,3.816874604,0.674183225,7750,227,38,391,1413
2019-11,France,8111,5.777256129,0.556910086,6369,225,55,490,972
2019-11,Italy,4422,1.889400922,0.303619332,3547,80,17,103,675
2019-11,Netherland,3188,2.607016415,0.218891549,2339,26,9,184,630
2019-11,Ukraine,2146,-9.604043808,0.147346695,712,91,3,11,1329
2019-11,Spain,2610,5.241935484,0.17920544,2211,26,14,121,238
2019-11,Romania,1040,12.92073833,0.071407532,607,5,6,4,418
2019-11,Norway,837,-23.28139322,0.057469331,656,27,2,29,123
2019-11,Sweden,1600,3.492884864,0.109857741,1354,26,7,93,120
2019-11,Poland,2019,5.541035024,0.138626737,1333,10,1,28,647
2019-11,Swiss,1172,-1.677852349,0.080470795,1037,23,1,40,71
2019-11,Portugal,976,16.74641148,0.067013222,853,5,0,15,103
2019-11,Austria,1113,8.69140625,0.076419791,902,7,6,30,168
2019-11,Finland,1206,10.23765996,0.082805272,801,8,1,48,348
2019-11,Belgium,1205,19.66236346,0.082736611,941,24,3,76,161
2019-11,Croatia,543,14.55696203,0.037282971,294,7,1,5,236
2019-11,Greece,891,15.11627907,0.06117703,609,16,3,0,263
2019-11,Bulgaria,471,1.072961373,0.032339373,275,4,5,3,184
2019-11,Denmark,1120,23.21232123,0.076900419,907,11,11,59,132
2019-11,Ireland,768,10.66282421,0.052731716,632,4,2,4,126
2019-11,Europe others,4053,25.09259259,0.27828339,2799,50,27,58,1119
2019-11,Austrailia,13346,13.96123303,0.916350883,11750,89,59,36,1412
2019-11,New Zealand,3365,18.48591549,0.231044562,2765,23,8,5,564
2019-11,Oceania others,285,-53.95799677,0.01956841,207,1,14,3,60
2019-11,South Africa,698,-0.285714286,0.04792544,440,4,3,1,250
2019-11,Africa others,4043,28.88109659,0.27759678,1873,903,112,106,1049
2019-11,Stateless,31,-56.94444444,0.002128494,23,2,0,0,6
2019-11,Overseas Korean,15233,-25.532851,1.045914356,0,0,0,0,15233
2019-12,China,508877,22.24421602,34.92904053,433577,3951,682,13284,57383
2019-12,Japan,255356,-1.224271916,17.52749697,248793,1738,166,769,3890
2019-12,Taiwan,90379,3.517432538,6.203565408,88881,79,13,267,1139
2019-12,Hong Kong,71751,20.49675881,4.924949619,70638,49,3,185,876
2019-12,Macao,8342,22.26293419,0.572590343,8316,2,0,9,15
2019-12,Phillipines,43281,1.479484174,2.970784302,28484,117,106,69,14505
2019-12,Indonesia,29716,13.90241098,2.039690079,23216,126,216,117,6041
2019-12,Thailand,55850,3.376152223,3.833513626,49231,53,224,119,6223
2019-12,Vietnam,30721,2.938614127,2.108672733,18158,1136,295,4005,7127
2019-12,India,10208,20.9478673,0.700671568,3697,2183,88,100,4140
2019-12,Malaysia,57764,3.77077158,3.964889545,55329,119,3,89,2224
2019-12,Singapore,42216,4.327196343,2.897683281,40707,112,13,76,1308
2019-12,Mongolia,10042,22.43355279,0.689277419,8531,65,299,535,612
2019-12,Uzbekistan,5461,-0.943225104,0.37484007,2341,532,7,252,2329
2019-12,Myanmar,6900,25.6372906,0.473612247,1964,8,40,70,4818
2019-12,*GCC,2459,4.150783566,0.168784423,2293,34,17,43,72
2019-12,Kazakhstan,3388,9.044093981,0.232550477,2415,8,2,57,906
2019-12,Turkey,2505,31.28930818,0.171941838,1322,13,37,26,1107
2019-12,Cambodia,3822,41.87082405,0.262340001,1796,37,73,36,1880
2019-12,Sri Lanka,1313,21.57407407,0.090123606,211,47,2,7,1046
2019-12,Bangladesh,1597,31.33223684,0.109617211,289,148,94,52,1014
2019-12,Pakistan,1159,21.61594963,0.07955313,404,166,20,81,488
2019-12,Israel,839,-4.767309875,0.057588504,788,9,2,5,35
2019-12,Iran,253,18.22429907,0.017365782,114,69,5,20,45
2019-12,Asia others,6468,6.627101879,0.443960002,3273,390,142,211,2452
2019-12,USA,77387,8.960477592,5.311801594,58743,365,3436,355,14488
2019-12,Canada,15292,8.584818576,1.049634564,11377,38,30,49,3798
2019-12,Brazil,1933,36.70438472,0.132680069,1561,13,8,22,329
2019-12,Mexico,2382,28.13340506,0.163499185,1852,6,1,62,461
2019-12,America others,2490,17.67485822,0.170912246,1969,9,28,49,435
2019-12,Russia,26570,15.48157163,1.82375035,18951,172,22,107,7318
2019-12,UK,8735,12.17413638,0.59956565,7356,103,16,47,1213
2019-12,Germany,7304,10.09948749,0.501342588,5714,139,21,265,1165
2019-12,France,6752,16.13347093,0.463453608,5202,203,34,426,887
2019-12,Italy,3084,18.47867845,0.211684083,2299,52,9,39,685
2019-12,Netherland,2459,6.45021645,0.168784423,1802,23,8,100,526
2019-12,Ukraine,2180,18.0292366,0.149634014,600,60,3,8,1509
2019-12,Spain,1733,17.41192412,0.118952178,1425,12,17,68,211
2019-12,Romania,774,8.707865169,0.053126939,349,8,1,3,413
2019-12,Norway,663,-11.00671141,0.045507959,557,22,1,30,53
2019-12,Sweden,1290,6.965174129,0.088544898,1105,18,9,62,96
2019-12,Poland,1407,8.900928793,0.096575715,789,12,0,21,585
2019-12,Swiss,1014,22.02166065,0.069600409,896,14,4,18,82
2019-12,Portugal,1003,6.929637527,0.068845375,901,2,0,13,87
2019-12,Austria,781,25.3611557,0.053607415,611,2,2,26,140
2019-12,Finland,1065,-1.388888889,0.073101021,697,7,0,28,333
2019-12,Belgium,754,-1.566579634,0.05175415,570,11,3,29,141
2019-12,Croatia,381,-16.44736842,0.026151633,181,3,1,1,195
2019-12,Greece,754,15.46707504,0.05175415,476,18,0,1,259
2019-12,Bulgaria,442,23.46368715,0.03033864,173,1,3,4,261
2019-12,Denmark,782,16.36904762,0.053676055,583,11,5,25,158
2019-12,Ireland,645,25.48638132,0.044272449,487,7,3,2,146
2019-12,Europe others,2941,17.45207668,0.201868641,1802,34,13,51,1041
2019-12,Austrailia,19289,12.31512752,1.32398647,17818,67,25,42,1337
2019-12,New Zealand,4355,27.4882904,0.298924832,3595,14,10,3,733
2019-12,Oceania others,252,-35.05154639,0.017297143,154,2,4,0,92
2019-12,South Africa,922,8.089097304,0.063285579,665,3,0,3,251
2019-12,Africa others,3078,13.74722838,0.211272246,1273,644,66,93,1002
2019-12,Stateless,47,-38.96103896,0.003226054,36,1,0,0,10
2019-12,Overseas Korean,5281,-71.96623845,0.362484968,0,0,0,0,5281
2020-1,China,481681,22.62317535,37.8469374,393336,2813,99,10433,75000
2020-1,Japan,203969,-1.238100772,16.0263784,194840,2804,141,1035,5149
2020-1,Taiwan,110354,25.4678582,8.670802729,108623,95,20,285,1331
2020-1,Hong Kong,66962,86.54446178,5.261379672,65837,51,8,171,895
2020-1,Macao,5347,108.0544747,0.420127791,5312,4,0,14,17
2020-1,Phillipines,30702,0.751484921,2.41233653,15002,155,169,211,15165
2020-1,Indonesia,19443,3.189682624,1.527687419,14336,98,46,231,4732
2020-1,Thailand,38466,-6.938597765,3.022374339,31232,44,110,126,6954
2020-1,Vietnam,30232,49.78942675,2.375407399,18058,747,54,3122,8251
2020-1,India,9249,6.66589782,0.726718147,2391,2094,56,166,4542
2020-1,Malaysia,27549,24.85384092,2.164597064,24541,101,1,139,2767
2020-1,Singapore,10738,8.959918823,0.843712776,9157,80,7,54,1440
2020-1,Mongolia,12323,25.93765968,0.968250376,10081,83,359,840,960
2020-1,Uzbekistan,6135,6.621480709,0.482043014,2025,474,7,625,3004
2020-1,Myanmar,5654,6.901115523,0.444249584,1273,9,47,98,4227
2020-1,*GCC,2158,21.50900901,0.16955971,1812,51,5,111,179
2020-1,Kazakhstan,4325,21.01287073,0.339826575,2815,21,5,130,1354
2020-1,Turkey,2208,23.69747899,0.173488341,952,20,8,33,1195
2020-1,Cambodia,4257,57.95918367,0.334483636,2302,35,151,53,1716
2020-1,Sri Lanka,1377,6.993006993,0.108194496,119,26,2,27,1203
2020-1,Bangladesh,1299,4.170008019,0.102065831,189,110,19,95,886
2020-1,Pakistan,1014,-1.744186047,0.079672635,229,166,23,181,415
2020-1,Israel,803,-0.248447205,0.063093813,723,13,2,5,60
2020-1,Iran,176,-4.347826087,0.013828781,57,44,1,20,54
2020-1,Asia others,4808,5.577514273,0.377777149,1566,352,80,290,2520
2020-1,USA,67255,7.201491943,5.28440145,43866,495,3712,286,18896
2020-1,Canada,13809,10.82664526,1.085009287,8793,52,33,41,4890
2020-1,Brazil,1801,12.21183801,0.141509286,1310,15,13,35,428
2020-1,Mexico,2113,14.03130059,0.166023943,1478,7,15,65,548
2020-1,America others,2514,10.94439541,0.197531563,1890,11,45,116,452
2020-1,Russia,28891,14.67412876,2.270041518,20746,192,42,139,7772
2020-1,UK,9117,-10.15963737,0.716346562,6811,186,22,72,2026
2020-1,Germany,6617,-3.401459854,0.519915016,4648,239,34,205,1491
2020-1,France,5982,7.319698601,0.470021403,3951,303,53,392,1283
2020-1,Italy,2880,5.455876968,0.226289141,2006,138,26,55,655
2020-1,Netherland,2556,12.64874394,0.200831613,1560,30,9,69,888
2020-1,Ukraine,1955,-13.57206012,0.153609469,493,78,8,33,1343
2020-1,Spain,1560,14.03508772,0.122573285,1121,42,26,65,306
2020-1,Romania,856,-1.834862385,0.067258161,372,17,7,10,450
2020-1,Norway,543,-32.20973783,0.042664932,437,29,6,23,48
2020-1,Sweden,847,-13.74745418,0.066551008,696,33,5,12,101
2020-1,Poland,1558,17.67371601,0.122416139,734,18,4,23,779
2020-1,Swiss,762,2.008032129,0.059872335,614,25,4,20,99
2020-1,Portugal,720,27.65957447,0.056572285,614,5,0,10,91
2020-1,Austria,690,-11.08247423,0.054215107,457,13,3,15,202
2020-1,Finland,885,3.02677532,0.069536767,465,11,1,20,388
2020-1,Belgium,722,1.833568406,0.05672943,471,27,3,23,198
2020-1,Croatia,467,-4.887983707,0.036693413,223,6,3,2,233
2020-1,Greece,623,-19.61290323,0.048950741,379,37,8,0,199
2020-1,Bulgaria,351,-18.56148492,0.027578989,132,4,2,13,200
2020-1,Denmark,665,-11.45139814,0.052250791,484,19,18,15,129
2020-1,Ireland,715,20.16806723,0.056179422,471,10,3,6,225
2020-1,Europe others,3219,8.566610455,0.252925259,1925,19,14,82,1179
2020-1,Austrailia,14039,-1.722086104,1.10308099,12320,86,19,26,1588
2020-1,New Zealand,3553,30.3853211,0.279168513,2638,10,15,7,883
2020-1,Oceania others,163,-73.45276873,0.012807337,88,0,4,1,70
2020-1,South Africa,1272,27.2,0.099944371,509,10,3,7,743
2020-1,Africa others,2926,8.773234201,0.229903481,944,492,68,209,1213
2020-1,Stateless,61,12.96296296,0.00479293,43,0,0,1,17
2020-1,Overseas Korean,8792,-43.37240757,0.690810461,0,0,0,0,8792
2020-2,China,104086,-77.04216561,15.19033525,49520,715,11,20753,33087
2020-2,Japan,211199,-0.938555347,30.8224316,205007,1162,64,1536,3430
2020-2,Taiwan,53042,-43.90592117,7.740961921,51881,52,11,393,705
2020-2,Hong Kong,20966,-59.14016215,3.059782958,20369,24,2,284,287
2020-2,Macao,503,-87.31719617,0.073407938,476,0,0,22,5
2020-2,Phillipines,20332,-30.59329556,2.967256849,12730,69,89,177,7267
2020-2,Indonesia,15800,-12.77946453,2.305855706,12155,47,80,374,3144
2020-2,Thailand,31777,-18.97756247,4.637542833,25382,32,200,185,5978
2020-2,Vietnam,30313,-28.13589057,4.42388633,9197,626,49,9647,10794
2020-2,India,5839,-29.72680226,0.85214503,2061,972,19,284,2503
2020-2,Malaysia,18541,-32.53893174,2.705877889,15459,68,8,430,2576
2020-2,Singapore,5909,-39.65482026,0.862360846,4592,49,3,132,1133
2020-2,Mongolia,6399,-30.26373147,0.933871561,5210,42,264,427,456
2020-2,Uzbekistan,6888,-3.65086026,1.005236336,2074,700,0,1141,2973
2020-2,Myanmar,4319,-19.52673747,0.630315873,1271,7,19,186,2836
2020-2,*GCC,789,-46.61705007,0.115146845,610,35,3,78,63
2020-2,Kazakhstan,3204,-15.10333863,0.467592512,1773,13,2,171,1245
2020-2,Turkey,1784,1.076487252,0.260357378,520,11,8,98,1147
2020-2,Cambodia,2568,-30.87483176,0.374774522,754,22,104,124,1564
2020-2,Sri Lanka,1088,-28.23218997,0.158782975,146,26,0,37,879
2020-2,Bangladesh,996,-39.85507246,0.145356474,115,85,25,149,622
2020-2,Pakistan,1037,-27.93606671,0.151340023,221,150,22,236,408
2020-2,Israel,352,-53.74507227,0.051370963,329,4,1,8,10
2020-2,Iran,160,-51.36778116,0.023350438,35,25,1,56,43
2020-2,Asia others,4558,-11.49514563,0.665195589,1409,446,63,316,2324
2020-2,USA,42439,-26.48964179,6.193557614,26407,219,2200,848,12765
2020-2,Canada,9046,-33.24477898,1.320175362,5834,16,22,109,3065
2020-2,Brazil,1188,-12.25997046,0.173376999,769,6,3,71,339
2020-2,Mexico,1543,7.526132404,0.225185782,878,1,4,135,525
2020-2,America others,2601,12.694974,0.37959055,1893,4,24,217,463
2020-2,Russia,22157,10.77946103,3.233597777,15487,155,10,288,6217
2020-2,UK,5566,-29.32960894,0.812303346,3936,68,15,123,1424
2020-2,Germany,5599,-18.45324789,0.817119373,3725,133,19,491,1231
2020-2,France,5120,-12.17838765,0.747214001,3355,123,27,907,708
2020-2,Italy,1718,-27.93624161,0.250725323,1045,38,4,77,554
2020-2,Netherland,2067,-12.30377599,0.301658465,1076,16,2,158,815
2020-2,Ukraine,1618,-22.21153846,0.2361313,653,80,3,52,830
2020-2,Spain,1068,-22.21412964,0.155864171,750,4,8,111,195
2020-2,Romania,471,-38.91050584,0.06873785,228,5,1,18,219
2020-2,Norway,441,-23.57019064,0.064359643,354,10,0,54,23
2020-2,Sweden,650,-29.88133765,0.094861152,491,14,2,83,60
2020-2,Poland,1206,-4.739336493,0.176003923,559,12,0,52,583
2020-2,Swiss,566,-35.4618016,0.082602173,432,11,2,62,59
2020-2,Portugal,299,-55.37313433,0.04363613,206,3,0,18,72
2020-2,Austria,668,-10.45576408,0.097488077,497,4,2,39,126
2020-2,Finland,780,-16.39871383,0.113833383,354,6,0,97,323
2020-2,Belgium,547,-16.36085627,0.079829308,343,8,3,35,158
2020-2,Croatia,286,-36.01789709,0.041738907,162,4,0,9,111
2020-2,Greece,663,9.225700165,0.096758376,463,14,0,4,182
2020-2,Bulgaria,218,-33.12883436,0.031814971,126,0,2,6,84
2020-2,Denmark,640,-7.780979827,0.09340175,500,7,5,54,74
2020-2,Ireland,465,-24.14355628,0.067862209,265,7,0,12,181
2020-2,Europe others,2432,-9.050112191,0.35492665,1372,26,12,161,861
2020-2,Austrailia,6857,-17.69295403,1.000712188,5689,44,15,82,1027
2020-2,New Zealand,1912,2.630166398,0.279037728,1288,5,4,5,610
2020-2,Oceania others,123,-71.26168224,0.017950649,76,4,3,5,35
2020-2,South Africa,1004,-15.70109152,0.146523995,328,7,1,6,662
2020-2,Africa others,3156,-9.20598389,0.46058738,1113,519,58,431,1035
2020-2,Stateless,40,2.564102564,0.005837609,26,2,0,1,11
2020-2,Overseas Korean,7609,-47.37533716,1.110459245,0,0,0,0,7609
2020-3,China,16595,-96.5967561,19.87496557,5040,115,2,7388,4050
2020-3,Japan,8347,-97.77483945,9.996766351,6478,282,16,868,703
2020-3,Taiwan,585,-99.40615166,0.700623975,274,6,1,125,179
2020-3,Hong Kong,262,-99.43127551,0.313783729,173,4,0,51,34
2020-3,Macao,16,-99.47523778,0.019162365,11,1,0,4,0
2020-3,Phillipines,4539,-88.27162089,5.436123454,2048,13,33,67,2378
2020-3,Indonesia,3760,-85.32740186,4.503155802,1030,6,7,373,2344
2020-3,Thailand,2371,-95.53483992,2.83962298,1059,21,11,124,1156
2020-3,Vietnam,4048,-91.38558447,4.848078374,941,15,5,2200,887
2020-3,India,1587,-85.09299267,1.90066709,555,42,5,92,893
2020-3,Malaysia,890,-97.81803918,1.06590656,289,4,1,102,494
2020-3,Singapore,219,-99.00927392,0.262284873,159,5,6,13,36
2020-3,Mongolia,674,-92.27418615,0.807214631,191,5,9,357,112
2020-3,Uzbekistan,782,-90.69601428,0.936560595,89,19,0,260,414
2020-3,Myanmar,2519,-64.12191995,3.016874858,741,0,0,109,1669
2020-3,*GCC,77,-97.45117511,0.092218882,26,5,1,19,26
2020-3,Kazakhstan,567,-88.46388606,0.679066314,144,4,1,95,323
2020-3,Turkey,242,-90.44233807,0.289830772,114,2,0,21,105
2020-3,Cambodia,1183,-52.69892043,1.416817371,45,10,6,35,1087
2020-3,Sri Lanka,441,-70.48192771,0.528162689,20,1,0,19,401
2020-3,Bangladesh,566,-66.78403756,0.677868666,77,8,1,133,347
2020-3,Pakistan,474,-63.02652106,0.567685067,70,44,5,138,217
2020-3,Israel,68,-95.78425294,0.081440052,61,2,0,3,2
2020-3,Iran,34,-91.09947644,0.040720026,9,1,1,12,11
2020-3,Asia others,1561,-76.7673761,1.869528247,75,79,14,500,893
2020-3,USA,10570,-87.45772768,12.65913745,3995,47,598,79,5851
2020-3,Canada,2405,-87.11837172,2.880343006,1022,3,9,21,1350
2020-3,Brazil,291,-82.60609683,0.348515516,107,3,4,18,159
2020-3,Mexico,388,-82.37164925,0.464687354,150,1,2,26,209
2020-3,America others,456,-85.78553616,0.546127406,239,3,8,46,160
2020-3,Russia,5300,-81.06601886,6.347533444,2189,42,4,115,2950
2020-3,UK,1173,-90.84523531,1.404840892,550,26,9,44,544
2020-3,Germany,1195,-89.27481601,1.431189145,611,41,8,121,414
2020-3,France,1217,-83.70598474,1.457537397,528,62,19,184,424
2020-3,Italy,248,-93.0784259,0.297016659,73,13,2,18,142
2020-3,Netherland,597,-79.39958592,0.714995748,156,5,0,29,407
2020-3,Ukraine,630,-73.39527027,0.754518126,214,30,2,7,377
2020-3,Spain,255,-87.29446936,0.305400194,127,6,5,26,91
2020-3,Romania,173,-83.42911877,0.207193073,86,3,2,6,76
2020-3,Norway,97,-88.69463869,0.116171839,53,4,1,19,20
2020-3,Sweden,188,-87.10562414,0.22515779,115,4,1,38,30
2020-3,Poland,322,-83.57142857,0.385642598,134,12,0,12,164
2020-3,Swiss,105,-91.42156863,0.125753021,60,4,0,14,27
2020-3,Portugal,61,-92.59708738,0.073056517,23,1,0,1,36
2020-3,Austria,96,-89.46212953,0.114974191,35,3,0,5,53
2020-3,Finland,144,-86.69131238,0.172461286,30,0,1,14,99
2020-3,Belgium,164,-88.28571429,0.196414242,62,6,2,8,86
2020-3,Croatia,84,-82.82208589,0.100602417,65,2,0,2,15
2020-3,Greece,199,-75.21793275,0.238331916,129,4,2,5,59
2020-3,Bulgaria,80,-82.41758242,0.095811826,40,0,0,8,32
2020-3,Denmark,114,-88.61138861,0.136531851,91,0,2,10,11
2020-3,Ireland,106,-85.35911602,0.126950669,29,5,0,1,71
2020-3,Europe others,538,-83.6969697,0.644334527,257,1,3,63,214
2020-3,Austrailia,760,-93.80249531,0.910212343,363,15,3,12,367
2020-3,New Zealand,275,-88.78008976,0.32935315,90,3,4,4,174
2020-3,Oceania others,50,-88.37209302,0.059882391,16,0,2,0,32
2020-3,South Africa,237,-74.92063492,0.283842533,29,0,0,0,208
2020-3,Africa others,946,-75.09215377,1.132974837,103,134,6,145,558
2020-3,Stateless,11,-80.70175439,0.013174126,7,0,0,0,4
2020-3,Overseas Korean,1615,-91.59947984,1.934201229,0,0,0,0,1615
2020-4,China,3935,-99.20223011,13.37752847,522,71,0,1112,2230
2020-4,Japan,360,-99.87590144,1.223865375,58,53,2,49,198
2020-4,Taiwan,155,-99.8629192,0.526942036,48,8,0,12,87
2020-4,Hong Kong,35,-99.9540103,0.118986911,17,2,0,8,8
2020-4,Macao,1,-99.97679814,0.003399626,1,0,0,0,0
2020-4,Phillipines,1130,-98.30139045,3.841577426,438,1,5,6,680
2020-4,Indonesia,1864,-94.06879435,6.336902941,572,2,5,83,1202
2020-4,Thailand,299,-99.57117861,1.016488186,107,1,7,5,179
2020-4,Vietnam,6597,-89.5565863,22.42733299,420,5,7,5334,831
2020-4,India,210,-98.37624681,0.713921469,46,7,4,2,151
2020-4,Malaysia,152,-99.65238073,0.516743158,29,1,0,61,61
2020-4,Singapore,48,-99.79405329,0.16318205,17,5,3,3,20
2020-4,Mongolia,616,-91.87549459,2.094169641,60,2,5,359,190
2020-4,Uzbekistan,7,-99.90512334,0.023797382,1,0,0,1,5
2020-4,Myanmar,763,-89.50770077,2.593914669,41,1,0,33,688
2020-4,*GCC,25,-99.23430322,0.084990651,0,5,0,0,20
2020-4,Kazakhstan,15,-99.67518406,0.050994391,4,0,0,4,7
2020-4,Turkey,26,-99.07997169,0.088390277,2,1,0,0,23
2020-4,Cambodia,547,-89.72769953,1.859595445,17,4,0,3,523
2020-4,Sri Lanka,183,-87.61840325,0.622131566,29,0,0,2,152
2020-4,Bangladesh,11,-99.16540212,0.037395886,2,0,0,0,9
2020-4,Pakistan,67,-94.49917898,0.227774945,6,4,0,11,46
2020-4,Israel,21,-99.05447996,0.071392147,1,2,2,0,16
2020-4,Iran,13,-95.63758389,0.044195139,0,2,0,6,5
2020-4,Asia others,36,-99.46761313,0.122386537,2,5,0,7,22
2020-4,USA,6417,-93.74097772,21.81540031,1793,32,227,7,4358
2020-4,Canada,422,-98.02443706,1.434642189,135,3,0,0,284
2020-4,Brazil,52,-97.64918626,0.176780554,8,2,0,3,39
2020-4,Mexico,55,-98.33232262,0.186979432,12,0,3,1,39
2020-4,America others,83,-98.12302126,0.282168961,11,1,1,2,68
2020-4,Russia,1223,-96.42449934,4.157742648,128,4,1,5,1085
2020-4,UK,298,-98.21631651,1.01308856,136,5,0,0,157
2020-4,Germany,1033,-91.9754525,3.5118137,30,9,2,4,988
2020-4,France,280,-97.58953168,0.951895292,100,8,3,7,162
2020-4,Italy,55,-98.74457886,0.186979432,11,5,1,2,36
2020-4,Netherland,385,-90.58449499,1.308856026,9,3,2,1,370
2020-4,Ukraine,116,-95.49339549,0.394356621,60,0,4,0,52
2020-4,Spain,31,-98.84241972,0.105388407,11,1,0,1,18
2020-4,Romania,82,-93.80196523,0.278769335,40,0,0,0,42
2020-4,Norway,35,-97.64942915,0.118986911,6,5,0,0,24
2020-4,Sweden,35,-98.40036563,0.118986911,7,3,2,0,23
2020-4,Poland,83,-96.39287266,0.282168961,14,1,0,1,67
2020-4,Swiss,33,-98.52415027,0.112187659,18,1,0,2,12
2020-4,Portugal,26,-97.81879195,0.088390277,1,1,0,0,24
2020-4,Austria,68,-94.03508772,0.231174571,1,0,0,1,66
2020-4,Finland,35,-97.25490196,0.118986911,5,1,0,0,29
2020-4,Belgium,57,-96.17449664,0.193778684,7,3,0,0,47
2020-4,Croatia,22,-96.19377163,0.074791773,14,0,0,0,8
2020-4,Greece,76,-90.47619048,0.258371579,30,6,0,0,40
2020-4,Bulgaria,43,-94.20485175,0.14618392,24,0,0,0,19
2020-4,Denmark,27,-98.05335256,0.091789903,5,1,0,0,21
2020-4,Ireland,22,-97.76876268,0.074791773,5,0,1,0,16
2020-4,Europe others,70,-98.38449111,0.237973823,14,1,0,1,54
2020-4,Austrailia,124,-99.37807202,0.421553629,28,0,4,0,92
2020-4,New Zealand,98,-97.42240926,0.333163352,19,0,5,0,74
2020-4,Oceania others,13,-97.23991507,0.044195139,0,0,0,0,13
2020-4,South Africa,22,-98.10181191,0.074791773,2,0,0,0,20
2020-4,Africa others,177,-95.41213064,0.601733809,11,5,0,11,150
2020-4,Stateless,3,-95.3125,0.010198878,0,0,0,0,3
2020-4,Overseas Korean,698,-96.54010112,2.372938977,0,0,0,0,698
